;Country Name;Country Code;Indicator Code;Date;Value
0;Alemania;DEU;FP.CPI.TOTL.ZG;1995;1,706
1;Alemania;DEU;FP.CPI.TOTL.ZG;1996;1,45
2;Alemania;DEU;FP.CPI.TOTL.ZG;1997;1,939
3;Alemania;DEU;FP.CPI.TOTL.ZG;1998;0,911
4;Alemania;DEU;FP.CPI.TOTL.ZG;1999;0,585
5;Alemania;DEU;FP.CPI.TOTL.ZG;2000;1,44
6;Alemania;DEU;FP.CPI.TOTL.ZG;2001;1,984
7;Alemania;DEU;FP.CPI.TOTL.ZG;2002;1,421
8;Alemania;DEU;FP.CPI.TOTL.ZG;2003;1,034
9;Alemania;DEU;FP.CPI.TOTL.ZG;2004;1,666
10;Alemania;DEU;FP.CPI.TOTL.ZG;2005;1,547
11;Alemania;DEU;FP.CPI.TOTL.ZG;2006;1,577
12;Alemania;DEU;FP.CPI.TOTL.ZG;2007;2,298
13;Alemania;DEU;FP.CPI.TOTL.ZG;2008;2,628
14;Alemania;DEU;FP.CPI.TOTL.ZG;2009;0,313
15;Alemania;DEU;FP.CPI.TOTL.ZG;2010;1,104
16;Alemania;DEU;FP.CPI.TOTL.ZG;2011;2,075
17;Alemania;DEU;FP.CPI.TOTL.ZG;2012;2,008
18;Alemania;DEU;FP.CPI.TOTL.ZG;2013;1,505
19;Alemania;DEU;FP.CPI.TOTL.ZG;2014;0,907
20;Alemania;DEU;FP.CPI.TOTL.ZG;2015;0,514
21;Alemania;DEU;FP.CPI.TOTL.ZG;2016;0,492
22;Alemania;DEU;FP.CPI.TOTL.ZG;2017;1,509
23;Alemania;DEU;FP.CPI.TOTL.ZG;2018;1,732
24;Alemania;DEU;FP.CPI.TOTL.ZG;2019;1,446
25;Alemania;DEU;FP.CPI.TOTL.ZG;2020;0,145
26;Alemania;DEU;FP.CPI.TOTL.ZG;2021;3,067
27;Alemania;DEU;FP.CPI.TOTL.ZG;2022;6,873
28;Australia;AUS;FP.CPI.TOTL.ZG;1995;4,628
29;Australia;AUS;FP.CPI.TOTL.ZG;1996;2,615
30;Australia;AUS;FP.CPI.TOTL.ZG;1997;0,225
31;Australia;AUS;FP.CPI.TOTL.ZG;1998;0,86
32;Australia;AUS;FP.CPI.TOTL.ZG;1999;1,483
33;Australia;AUS;FP.CPI.TOTL.ZG;2000;4,457
34;Australia;AUS;FP.CPI.TOTL.ZG;2001;4,407
35;Australia;AUS;FP.CPI.TOTL.ZG;2002;2,982
36;Australia;AUS;FP.CPI.TOTL.ZG;2003;2,733
37;Australia;AUS;FP.CPI.TOTL.ZG;2004;2,343
38;Australia;AUS;FP.CPI.TOTL.ZG;2005;2,692
39;Australia;AUS;FP.CPI.TOTL.ZG;2006;3,555
40;Australia;AUS;FP.CPI.TOTL.ZG;2007;2,328
41;Australia;AUS;FP.CPI.TOTL.ZG;2008;4,35
42;Australia;AUS;FP.CPI.TOTL.ZG;2009;1,771
43;Australia;AUS;FP.CPI.TOTL.ZG;2010;2,918
44;Australia;AUS;FP.CPI.TOTL.ZG;2011;3,304
45;Australia;AUS;FP.CPI.TOTL.ZG;2012;1,763
46;Australia;AUS;FP.CPI.TOTL.ZG;2013;2,45
47;Australia;AUS;FP.CPI.TOTL.ZG;2014;2,488
48;Australia;AUS;FP.CPI.TOTL.ZG;2015;1,508
49;Australia;AUS;FP.CPI.TOTL.ZG;2016;1,277
50;Australia;AUS;FP.CPI.TOTL.ZG;2017;1,949
51;Australia;AUS;FP.CPI.TOTL.ZG;2018;1,911
52;Australia;AUS;FP.CPI.TOTL.ZG;2019;1,611
53;Australia;AUS;FP.CPI.TOTL.ZG;2020;0,847
54;Australia;AUS;FP.CPI.TOTL.ZG;2021;2,864
55;Australia;AUS;FP.CPI.TOTL.ZG;2022;6,594
56;Austria;AUT;FP.CPI.TOTL.ZG;1995;2,243
57;Austria;AUT;FP.CPI.TOTL.ZG;1996;1,861
58;Austria;AUT;FP.CPI.TOTL.ZG;1997;1,306
59;Austria;AUT;FP.CPI.TOTL.ZG;1998;0,922
60;Austria;AUT;FP.CPI.TOTL.ZG;1999;0,569
61;Austria;AUT;FP.CPI.TOTL.ZG;2000;2,345
62;Austria;AUT;FP.CPI.TOTL.ZG;2001;2,65
63;Austria;AUT;FP.CPI.TOTL.ZG;2002;1,81
64;Austria;AUT;FP.CPI.TOTL.ZG;2003;1,356
65;Austria;AUT;FP.CPI.TOTL.ZG;2004;2,061
66;Austria;AUT;FP.CPI.TOTL.ZG;2005;2,299
67;Austria;AUT;FP.CPI.TOTL.ZG;2006;1,442
68;Austria;AUT;FP.CPI.TOTL.ZG;2007;2,169
69;Austria;AUT;FP.CPI.TOTL.ZG;2008;3,216
70;Austria;AUT;FP.CPI.TOTL.ZG;2009;0,506
71;Austria;AUT;FP.CPI.TOTL.ZG;2010;1,814
72;Austria;AUT;FP.CPI.TOTL.ZG;2011;3,287
73;Austria;AUT;FP.CPI.TOTL.ZG;2012;2,486
74;Austria;AUT;FP.CPI.TOTL.ZG;2013;2,0
75;Austria;AUT;FP.CPI.TOTL.ZG;2014;1,606
76;Austria;AUT;FP.CPI.TOTL.ZG;2015;0,897
77;Austria;AUT;FP.CPI.TOTL.ZG;2016;0,892
78;Austria;AUT;FP.CPI.TOTL.ZG;2017;2,081
79;Austria;AUT;FP.CPI.TOTL.ZG;2018;1,998
80;Austria;AUT;FP.CPI.TOTL.ZG;2019;1,531
81;Austria;AUT;FP.CPI.TOTL.ZG;2020;1,382
82;Austria;AUT;FP.CPI.TOTL.ZG;2021;2,767
83;Austria;AUT;FP.CPI.TOTL.ZG;2022;8,547
84;Bulgaria;BGR;FP.CPI.TOTL.ZG;1995;62,055
85;Bulgaria;BGR;FP.CPI.TOTL.ZG;1996;121,608
86;Bulgaria;BGR;FP.CPI.TOTL.ZG;1997;1058,374
87;Bulgaria;BGR;FP.CPI.TOTL.ZG;1998;18,672
88;Bulgaria;BGR;FP.CPI.TOTL.ZG;1999;2,573
89;Bulgaria;BGR;FP.CPI.TOTL.ZG;2000;10,316
90;Bulgaria;BGR;FP.CPI.TOTL.ZG;2001;7,361
91;Bulgaria;BGR;FP.CPI.TOTL.ZG;2002;5,81
92;Bulgaria;BGR;FP.CPI.TOTL.ZG;2003;2,349
93;Bulgaria;BGR;FP.CPI.TOTL.ZG;2004;6,147
94;Bulgaria;BGR;FP.CPI.TOTL.ZG;2005;5,039
95;Bulgaria;BGR;FP.CPI.TOTL.ZG;2006;7,262
96;Bulgaria;BGR;FP.CPI.TOTL.ZG;2007;8,403
97;Bulgaria;BGR;FP.CPI.TOTL.ZG;2008;12,349
98;Bulgaria;BGR;FP.CPI.TOTL.ZG;2009;2,753
99;Bulgaria;BGR;FP.CPI.TOTL.ZG;2010;2,439
100;Bulgaria;BGR;FP.CPI.TOTL.ZG;2011;4,22
101;Bulgaria;BGR;FP.CPI.TOTL.ZG;2012;2,955
102;Bulgaria;BGR;FP.CPI.TOTL.ZG;2013;0,89
103;Bulgaria;BGR;FP.CPI.TOTL.ZG;2014;-1,418
104;Bulgaria;BGR;FP.CPI.TOTL.ZG;2015;-0,105
105;Bulgaria;BGR;FP.CPI.TOTL.ZG;2016;-0,799
106;Bulgaria;BGR;FP.CPI.TOTL.ZG;2017;2,062
107;Bulgaria;BGR;FP.CPI.TOTL.ZG;2018;2,815
108;Bulgaria;BGR;FP.CPI.TOTL.ZG;2019;3,104
109;Bulgaria;BGR;FP.CPI.TOTL.ZG;2020;1,672
110;Bulgaria;BGR;FP.CPI.TOTL.ZG;2021;3,298
111;Bulgaria;BGR;FP.CPI.TOTL.ZG;2022;15,325
112;Bélgica;BEL;FP.CPI.TOTL.ZG;1995;1,468
113;Bélgica;BEL;FP.CPI.TOTL.ZG;1996;2,077
114;Bélgica;BEL;FP.CPI.TOTL.ZG;1997;1,628
115;Bélgica;BEL;FP.CPI.TOTL.ZG;1998;0,949
116;Bélgica;BEL;FP.CPI.TOTL.ZG;1999;1,121
117;Bélgica;BEL;FP.CPI.TOTL.ZG;2000;2,545
118;Bélgica;BEL;FP.CPI.TOTL.ZG;2001;2,469
119;Bélgica;BEL;FP.CPI.TOTL.ZG;2002;1,645
120;Bélgica;BEL;FP.CPI.TOTL.ZG;2003;1,589
121;Bélgica;BEL;FP.CPI.TOTL.ZG;2004;2,097
122;Bélgica;BEL;FP.CPI.TOTL.ZG;2005;2,781
123;Bélgica;BEL;FP.CPI.TOTL.ZG;2006;1,791
124;Bélgica;BEL;FP.CPI.TOTL.ZG;2007;1,823
125;Bélgica;BEL;FP.CPI.TOTL.ZG;2008;4,489
126;Bélgica;BEL;FP.CPI.TOTL.ZG;2009;-0,053
127;Bélgica;BEL;FP.CPI.TOTL.ZG;2010;2,189
128;Bélgica;BEL;FP.CPI.TOTL.ZG;2011;3,532
129;Bélgica;BEL;FP.CPI.TOTL.ZG;2012;2,84
130;Bélgica;BEL;FP.CPI.TOTL.ZG;2013;1,113
131;Bélgica;BEL;FP.CPI.TOTL.ZG;2014;0,34
132;Bélgica;BEL;FP.CPI.TOTL.ZG;2015;0,561
133;Bélgica;BEL;FP.CPI.TOTL.ZG;2016;1,974
134;Bélgica;BEL;FP.CPI.TOTL.ZG;2017;2,126
135;Bélgica;BEL;FP.CPI.TOTL.ZG;2018;2,053
136;Bélgica;BEL;FP.CPI.TOTL.ZG;2019;1,437
137;Bélgica;BEL;FP.CPI.TOTL.ZG;2020;0,741
138;Bélgica;BEL;FP.CPI.TOTL.ZG;2021;2,44
139;Bélgica;BEL;FP.CPI.TOTL.ZG;2022;9,598
140;Canadá;CAN;FP.CPI.TOTL.ZG;1995;2,149
141;Canadá;CAN;FP.CPI.TOTL.ZG;1996;1,571
142;Canadá;CAN;FP.CPI.TOTL.ZG;1997;1,621
143;Canadá;CAN;FP.CPI.TOTL.ZG;1998;0,996
144;Canadá;CAN;FP.CPI.TOTL.ZG;1999;1,735
145;Canadá;CAN;FP.CPI.TOTL.ZG;2000;2,719
146;Canadá;CAN;FP.CPI.TOTL.ZG;2001;2,525
147;Canadá;CAN;FP.CPI.TOTL.ZG;2002;2,258
148;Canadá;CAN;FP.CPI.TOTL.ZG;2003;2,759
149;Canadá;CAN;FP.CPI.TOTL.ZG;2004;1,857
150;Canadá;CAN;FP.CPI.TOTL.ZG;2005;2,214
151;Canadá;CAN;FP.CPI.TOTL.ZG;2006;2,002
152;Canadá;CAN;FP.CPI.TOTL.ZG;2007;2,138
153;Canadá;CAN;FP.CPI.TOTL.ZG;2008;2,37
154;Canadá;CAN;FP.CPI.TOTL.ZG;2009;0,299
155;Canadá;CAN;FP.CPI.TOTL.ZG;2010;1,777
156;Canadá;CAN;FP.CPI.TOTL.ZG;2011;2,912
157;Canadá;CAN;FP.CPI.TOTL.ZG;2012;1,516
158;Canadá;CAN;FP.CPI.TOTL.ZG;2013;0,938
159;Canadá;CAN;FP.CPI.TOTL.ZG;2014;1,907
160;Canadá;CAN;FP.CPI.TOTL.ZG;2015;1,125
161;Canadá;CAN;FP.CPI.TOTL.ZG;2016;1,429
162;Canadá;CAN;FP.CPI.TOTL.ZG;2017;1,597
163;Canadá;CAN;FP.CPI.TOTL.ZG;2018;2,268
164;Canadá;CAN;FP.CPI.TOTL.ZG;2019;1,949
165;Canadá;CAN;FP.CPI.TOTL.ZG;2020;0,717
166;Canadá;CAN;FP.CPI.TOTL.ZG;2021;3,395
167;Canadá;CAN;FP.CPI.TOTL.ZG;2022;6,803
168;Chile;CHL;FP.CPI.TOTL.ZG;1995;8,233
169;Chile;CHL;FP.CPI.TOTL.ZG;1996;7,359
170;Chile;CHL;FP.CPI.TOTL.ZG;1997;6,134
171;Chile;CHL;FP.CPI.TOTL.ZG;1998;5,11
172;Chile;CHL;FP.CPI.TOTL.ZG;1999;3,337
173;Chile;CHL;FP.CPI.TOTL.ZG;2000;3,843
174;Chile;CHL;FP.CPI.TOTL.ZG;2001;3,569
175;Chile;CHL;FP.CPI.TOTL.ZG;2002;2,489
176;Chile;CHL;FP.CPI.TOTL.ZG;2003;2,81
177;Chile;CHL;FP.CPI.TOTL.ZG;2004;1,055
178;Chile;CHL;FP.CPI.TOTL.ZG;2005;3,053
179;Chile;CHL;FP.CPI.TOTL.ZG;2006;3,392
180;Chile;CHL;FP.CPI.TOTL.ZG;2007;4,408
181;Chile;CHL;FP.CPI.TOTL.ZG;2008;8,716
182;Chile;CHL;FP.CPI.TOTL.ZG;2009;0,353
183;Chile;CHL;FP.CPI.TOTL.ZG;2010;1,411
184;Chile;CHL;FP.CPI.TOTL.ZG;2011;3,341
185;Chile;CHL;FP.CPI.TOTL.ZG;2012;3,007
186;Chile;CHL;FP.CPI.TOTL.ZG;2013;1,79
187;Chile;CHL;FP.CPI.TOTL.ZG;2014;4,719
188;Chile;CHL;FP.CPI.TOTL.ZG;2015;4,349
189;Chile;CHL;FP.CPI.TOTL.ZG;2016;3,786
190;Chile;CHL;FP.CPI.TOTL.ZG;2017;2,183
191;Chile;CHL;FP.CPI.TOTL.ZG;2018;2,435
192;Chile;CHL;FP.CPI.TOTL.ZG;2019;2,558
193;Chile;CHL;FP.CPI.TOTL.ZG;2020;3,045
194;Chile;CHL;FP.CPI.TOTL.ZG;2021;4,525
195;Chile;CHL;FP.CPI.TOTL.ZG;2022;11,644
196;Chipre;CYP;FP.CPI.TOTL.ZG;1995;2,616
197;Chipre;CYP;FP.CPI.TOTL.ZG;1996;2,979
198;Chipre;CYP;FP.CPI.TOTL.ZG;1997;3,605
199;Chipre;CYP;FP.CPI.TOTL.ZG;1998;2,228
200;Chipre;CYP;FP.CPI.TOTL.ZG;1999;1,63
201;Chipre;CYP;FP.CPI.TOTL.ZG;2000;4,142
202;Chipre;CYP;FP.CPI.TOTL.ZG;2001;1,973
203;Chipre;CYP;FP.CPI.TOTL.ZG;2002;2,801
204;Chipre;CYP;FP.CPI.TOTL.ZG;2003;4,139
205;Chipre;CYP;FP.CPI.TOTL.ZG;2004;2,286
206;Chipre;CYP;FP.CPI.TOTL.ZG;2005;2,56
207;Chipre;CYP;FP.CPI.TOTL.ZG;2006;2,305
208;Chipre;CYP;FP.CPI.TOTL.ZG;2007;2,373
209;Chipre;CYP;FP.CPI.TOTL.ZG;2008;4,669
210;Chipre;CYP;FP.CPI.TOTL.ZG;2009;0,326
211;Chipre;CYP;FP.CPI.TOTL.ZG;2010;2,43
212;Chipre;CYP;FP.CPI.TOTL.ZG;2011;3,289
213;Chipre;CYP;FP.CPI.TOTL.ZG;2012;2,389
214;Chipre;CYP;FP.CPI.TOTL.ZG;2013;-0,399
215;Chipre;CYP;FP.CPI.TOTL.ZG;2014;-1,355
216;Chipre;CYP;FP.CPI.TOTL.ZG;2015;-2,097
217;Chipre;CYP;FP.CPI.TOTL.ZG;2016;-1,429
218;Chipre;CYP;FP.CPI.TOTL.ZG;2017;0,532
219;Chipre;CYP;FP.CPI.TOTL.ZG;2018;1,435
220;Chipre;CYP;FP.CPI.TOTL.ZG;2019;0,25
221;Chipre;CYP;FP.CPI.TOTL.ZG;2020;-0,638
222;Chipre;CYP;FP.CPI.TOTL.ZG;2021;2,446
223;Chipre;CYP;FP.CPI.TOTL.ZG;2022;8,395
224;Colombia;COL;FP.CPI.TOTL.ZG;1995;20,892
225;Colombia;COL;FP.CPI.TOTL.ZG;1996;20,798
226;Colombia;COL;FP.CPI.TOTL.ZG;1997;18,47
227;Colombia;COL;FP.CPI.TOTL.ZG;1998;18,677
228;Colombia;COL;FP.CPI.TOTL.ZG;1999;10,874
229;Colombia;COL;FP.CPI.TOTL.ZG;2000;9,225
230;Colombia;COL;FP.CPI.TOTL.ZG;2001;7,966
231;Colombia;COL;FP.CPI.TOTL.ZG;2002;6,352
232;Colombia;COL;FP.CPI.TOTL.ZG;2003;7,13
233;Colombia;COL;FP.CPI.TOTL.ZG;2004;5,904
234;Colombia;COL;FP.CPI.TOTL.ZG;2005;5,051
235;Colombia;COL;FP.CPI.TOTL.ZG;2006;4,293
236;Colombia;COL;FP.CPI.TOTL.ZG;2007;5,544
237;Colombia;COL;FP.CPI.TOTL.ZG;2008;6,997
238;Colombia;COL;FP.CPI.TOTL.ZG;2009;4,203
239;Colombia;COL;FP.CPI.TOTL.ZG;2010;2,272
240;Colombia;COL;FP.CPI.TOTL.ZG;2011;3,415
241;Colombia;COL;FP.CPI.TOTL.ZG;2012;3,169
242;Colombia;COL;FP.CPI.TOTL.ZG;2013;2,017
243;Colombia;COL;FP.CPI.TOTL.ZG;2014;2,899
244;Colombia;COL;FP.CPI.TOTL.ZG;2015;4,99
245;Colombia;COL;FP.CPI.TOTL.ZG;2016;7,513
246;Colombia;COL;FP.CPI.TOTL.ZG;2017;4,314
247;Colombia;COL;FP.CPI.TOTL.ZG;2018;3,241
248;Colombia;COL;FP.CPI.TOTL.ZG;2019;3,523
249;Colombia;COL;FP.CPI.TOTL.ZG;2020;2,527
250;Colombia;COL;FP.CPI.TOTL.ZG;2021;3,495
251;Colombia;COL;FP.CPI.TOTL.ZG;2022;10,177
252;Corea del Sur;KOR;FP.CPI.TOTL.ZG;1995;4,481
253;Corea del Sur;KOR;FP.CPI.TOTL.ZG;1996;4,925
254;Corea del Sur;KOR;FP.CPI.TOTL.ZG;1997;4,439
255;Corea del Sur;KOR;FP.CPI.TOTL.ZG;1998;7,514
256;Corea del Sur;KOR;FP.CPI.TOTL.ZG;1999;0,813
257;Corea del Sur;KOR;FP.CPI.TOTL.ZG;2000;2,259
258;Corea del Sur;KOR;FP.CPI.TOTL.ZG;2001;4,067
259;Corea del Sur;KOR;FP.CPI.TOTL.ZG;2002;2,762
260;Corea del Sur;KOR;FP.CPI.TOTL.ZG;2003;3,515
261;Corea del Sur;KOR;FP.CPI.TOTL.ZG;2004;3,591
262;Corea del Sur;KOR;FP.CPI.TOTL.ZG;2005;2,754
263;Corea del Sur;KOR;FP.CPI.TOTL.ZG;2006;2,242
264;Corea del Sur;KOR;FP.CPI.TOTL.ZG;2007;2,535
265;Corea del Sur;KOR;FP.CPI.TOTL.ZG;2008;4,674
266;Corea del Sur;KOR;FP.CPI.TOTL.ZG;2009;2,756
267;Corea del Sur;KOR;FP.CPI.TOTL.ZG;2010;2,939
268;Corea del Sur;KOR;FP.CPI.TOTL.ZG;2011;4,026
269;Corea del Sur;KOR;FP.CPI.TOTL.ZG;2012;2,187
270;Corea del Sur;KOR;FP.CPI.TOTL.ZG;2013;1,301
271;Corea del Sur;KOR;FP.CPI.TOTL.ZG;2014;1,275
272;Corea del Sur;KOR;FP.CPI.TOTL.ZG;2015;0,706
273;Corea del Sur;KOR;FP.CPI.TOTL.ZG;2016;0,972
274;Corea del Sur;KOR;FP.CPI.TOTL.ZG;2017;1,944
275;Corea del Sur;KOR;FP.CPI.TOTL.ZG;2018;1,476
276;Corea del Sur;KOR;FP.CPI.TOTL.ZG;2019;0,383
277;Corea del Sur;KOR;FP.CPI.TOTL.ZG;2020;0,537
278;Corea del Sur;KOR;FP.CPI.TOTL.ZG;2021;2,498
279;Corea del Sur;KOR;FP.CPI.TOTL.ZG;2022;5,088
280;Costa Rica;CRI;FP.CPI.TOTL.ZG;1995;23,186
281;Costa Rica;CRI;FP.CPI.TOTL.ZG;1996;17,511
282;Costa Rica;CRI;FP.CPI.TOTL.ZG;1997;13,248
283;Costa Rica;CRI;FP.CPI.TOTL.ZG;1998;11,659
284;Costa Rica;CRI;FP.CPI.TOTL.ZG;1999;10,045
285;Costa Rica;CRI;FP.CPI.TOTL.ZG;2000;10,962
286;Costa Rica;CRI;FP.CPI.TOTL.ZG;2001;11,256
287;Costa Rica;CRI;FP.CPI.TOTL.ZG;2002;9,168
288;Costa Rica;CRI;FP.CPI.TOTL.ZG;2003;9,448
289;Costa Rica;CRI;FP.CPI.TOTL.ZG;2004;12,315
290;Costa Rica;CRI;FP.CPI.TOTL.ZG;2005;13,798
291;Costa Rica;CRI;FP.CPI.TOTL.ZG;2006;11,471
292;Costa Rica;CRI;FP.CPI.TOTL.ZG;2007;9,357
293;Costa Rica;CRI;FP.CPI.TOTL.ZG;2008;13,424
294;Costa Rica;CRI;FP.CPI.TOTL.ZG;2009;7,843
295;Costa Rica;CRI;FP.CPI.TOTL.ZG;2010;5,663
296;Costa Rica;CRI;FP.CPI.TOTL.ZG;2011;4,878
297;Costa Rica;CRI;FP.CPI.TOTL.ZG;2012;4,495
298;Costa Rica;CRI;FP.CPI.TOTL.ZG;2013;5,231
299;Costa Rica;CRI;FP.CPI.TOTL.ZG;2014;4,519
300;Costa Rica;CRI;FP.CPI.TOTL.ZG;2015;0,802
301;Costa Rica;CRI;FP.CPI.TOTL.ZG;2016;-0,017
302;Costa Rica;CRI;FP.CPI.TOTL.ZG;2017;1,626
303;Costa Rica;CRI;FP.CPI.TOTL.ZG;2018;2,221
304;Costa Rica;CRI;FP.CPI.TOTL.ZG;2019;2,096
305;Costa Rica;CRI;FP.CPI.TOTL.ZG;2020;0,725
306;Costa Rica;CRI;FP.CPI.TOTL.ZG;2021;1,726
307;Costa Rica;CRI;FP.CPI.TOTL.ZG;2022;8,275
308;Croacia;HRV;FP.CPI.TOTL.ZG;1995;3,95
309;Croacia;HRV;FP.CPI.TOTL.ZG;1996;4,3
310;Croacia;HRV;FP.CPI.TOTL.ZG;1997;4,171
311;Croacia;HRV;FP.CPI.TOTL.ZG;1998;6,397
312;Croacia;HRV;FP.CPI.TOTL.ZG;1999;4,019
313;Croacia;HRV;FP.CPI.TOTL.ZG;2000;4,611
314;Croacia;HRV;FP.CPI.TOTL.ZG;2001;3,777
315;Croacia;HRV;FP.CPI.TOTL.ZG;2002;1,672
316;Croacia;HRV;FP.CPI.TOTL.ZG;2003;1,767
317;Croacia;HRV;FP.CPI.TOTL.ZG;2004;2,055
318;Croacia;HRV;FP.CPI.TOTL.ZG;2005;3,317
319;Croacia;HRV;FP.CPI.TOTL.ZG;2006;3,19
320;Croacia;HRV;FP.CPI.TOTL.ZG;2007;2,899
321;Croacia;HRV;FP.CPI.TOTL.ZG;2008;6,077
322;Croacia;HRV;FP.CPI.TOTL.ZG;2009;2,379
323;Croacia;HRV;FP.CPI.TOTL.ZG;2010;1,031
324;Croacia;HRV;FP.CPI.TOTL.ZG;2011;2,273
325;Croacia;HRV;FP.CPI.TOTL.ZG;2012;3,412
326;Croacia;HRV;FP.CPI.TOTL.ZG;2013;2,217
327;Croacia;HRV;FP.CPI.TOTL.ZG;2014;-0,215
328;Croacia;HRV;FP.CPI.TOTL.ZG;2015;-0,464
329;Croacia;HRV;FP.CPI.TOTL.ZG;2016;-1,125
330;Croacia;HRV;FP.CPI.TOTL.ZG;2017;1,129
331;Croacia;HRV;FP.CPI.TOTL.ZG;2018;1,5
332;Croacia;HRV;FP.CPI.TOTL.ZG;2019;0,772
333;Croacia;HRV;FP.CPI.TOTL.ZG;2020;0,155
334;Croacia;HRV;FP.CPI.TOTL.ZG;2021;2,555
335;Croacia;HRV;FP.CPI.TOTL.ZG;2022;10,781
336;Dinamarca;DNK;FP.CPI.TOTL.ZG;1995;2,084
337;Dinamarca;DNK;FP.CPI.TOTL.ZG;1996;2,126
338;Dinamarca;DNK;FP.CPI.TOTL.ZG;1997;2,182
339;Dinamarca;DNK;FP.CPI.TOTL.ZG;1998;1,846
340;Dinamarca;DNK;FP.CPI.TOTL.ZG;1999;2,498
341;Dinamarca;DNK;FP.CPI.TOTL.ZG;2000;2,903
342;Dinamarca;DNK;FP.CPI.TOTL.ZG;2001;2,338
343;Dinamarca;DNK;FP.CPI.TOTL.ZG;2002;2,424
344;Dinamarca;DNK;FP.CPI.TOTL.ZG;2003;2,075
345;Dinamarca;DNK;FP.CPI.TOTL.ZG;2004;1,154
346;Dinamarca;DNK;FP.CPI.TOTL.ZG;2005;1,818
347;Dinamarca;DNK;FP.CPI.TOTL.ZG;2006;1,924
348;Dinamarca;DNK;FP.CPI.TOTL.ZG;2007;1,693
349;Dinamarca;DNK;FP.CPI.TOTL.ZG;2008;3,416
350;Dinamarca;DNK;FP.CPI.TOTL.ZG;2009;1,305
351;Dinamarca;DNK;FP.CPI.TOTL.ZG;2010;2,311
352;Dinamarca;DNK;FP.CPI.TOTL.ZG;2011;2,759
353;Dinamarca;DNK;FP.CPI.TOTL.ZG;2012;2,398
354;Dinamarca;DNK;FP.CPI.TOTL.ZG;2013;0,789
355;Dinamarca;DNK;FP.CPI.TOTL.ZG;2014;0,564
356;Dinamarca;DNK;FP.CPI.TOTL.ZG;2015;0,452
357;Dinamarca;DNK;FP.CPI.TOTL.ZG;2016;0,25
358;Dinamarca;DNK;FP.CPI.TOTL.ZG;2017;1,147
359;Dinamarca;DNK;FP.CPI.TOTL.ZG;2018;0,814
360;Dinamarca;DNK;FP.CPI.TOTL.ZG;2019;0,758
361;Dinamarca;DNK;FP.CPI.TOTL.ZG;2020;0,421
362;Dinamarca;DNK;FP.CPI.TOTL.ZG;2021;1,853
363;Dinamarca;DNK;FP.CPI.TOTL.ZG;2022;7,697
364;Eslovaquia;SVK;FP.CPI.TOTL.ZG;1995;9,841
365;Eslovaquia;SVK;FP.CPI.TOTL.ZG;1996;5,776
366;Eslovaquia;SVK;FP.CPI.TOTL.ZG;1997;6,142
367;Eslovaquia;SVK;FP.CPI.TOTL.ZG;1998;6,666
368;Eslovaquia;SVK;FP.CPI.TOTL.ZG;1999;10,57
369;Eslovaquia;SVK;FP.CPI.TOTL.ZG;2000;12,036
370;Eslovaquia;SVK;FP.CPI.TOTL.ZG;2001;7,33
371;Eslovaquia;SVK;FP.CPI.TOTL.ZG;2002;3,127
372;Eslovaquia;SVK;FP.CPI.TOTL.ZG;2003;8,554
373;Eslovaquia;SVK;FP.CPI.TOTL.ZG;2004;7,549
374;Eslovaquia;SVK;FP.CPI.TOTL.ZG;2005;2,709
375;Eslovaquia;SVK;FP.CPI.TOTL.ZG;2006;4,483
376;Eslovaquia;SVK;FP.CPI.TOTL.ZG;2007;2,757
377;Eslovaquia;SVK;FP.CPI.TOTL.ZG;2008;4,598
378;Eslovaquia;SVK;FP.CPI.TOTL.ZG;2009;1,615
379;Eslovaquia;SVK;FP.CPI.TOTL.ZG;2010;0,957
380;Eslovaquia;SVK;FP.CPI.TOTL.ZG;2011;3,919
381;Eslovaquia;SVK;FP.CPI.TOTL.ZG;2012;3,606
382;Eslovaquia;SVK;FP.CPI.TOTL.ZG;2013;1,4
383;Eslovaquia;SVK;FP.CPI.TOTL.ZG;2014;-0,076
384;Eslovaquia;SVK;FP.CPI.TOTL.ZG;2015;-0,325
385;Eslovaquia;SVK;FP.CPI.TOTL.ZG;2016;-0,52
386;Eslovaquia;SVK;FP.CPI.TOTL.ZG;2017;1,312
387;Eslovaquia;SVK;FP.CPI.TOTL.ZG;2018;2,514
388;Eslovaquia;SVK;FP.CPI.TOTL.ZG;2019;2,665
389;Eslovaquia;SVK;FP.CPI.TOTL.ZG;2020;1,937
390;Eslovaquia;SVK;FP.CPI.TOTL.ZG;2021;3,15
391;Eslovaquia;SVK;FP.CPI.TOTL.ZG;2022;12,774
392;Eslovenia;SVN;FP.CPI.TOTL.ZG;1995;13,464
393;Eslovenia;SVN;FP.CPI.TOTL.ZG;1996;9,864
394;Eslovenia;SVN;FP.CPI.TOTL.ZG;1997;8,36
395;Eslovenia;SVN;FP.CPI.TOTL.ZG;1998;7,891
396;Eslovenia;SVN;FP.CPI.TOTL.ZG;1999;6,156
397;Eslovenia;SVN;FP.CPI.TOTL.ZG;2000;8,912
398;Eslovenia;SVN;FP.CPI.TOTL.ZG;2001;8,38
399;Eslovenia;SVN;FP.CPI.TOTL.ZG;2002;7,481
400;Eslovenia;SVN;FP.CPI.TOTL.ZG;2003;5,544
401;Eslovenia;SVN;FP.CPI.TOTL.ZG;2004;3,593
402;Eslovenia;SVN;FP.CPI.TOTL.ZG;2005;2,452
403;Eslovenia;SVN;FP.CPI.TOTL.ZG;2006;2,458
404;Eslovenia;SVN;FP.CPI.TOTL.ZG;2007;3,657
405;Eslovenia;SVN;FP.CPI.TOTL.ZG;2008;5,647
406;Eslovenia;SVN;FP.CPI.TOTL.ZG;2009;0,839
407;Eslovenia;SVN;FP.CPI.TOTL.ZG;2010;1,801
408;Eslovenia;SVN;FP.CPI.TOTL.ZG;2011;1,803
409;Eslovenia;SVN;FP.CPI.TOTL.ZG;2012;2,597
410;Eslovenia;SVN;FP.CPI.TOTL.ZG;2013;1,769
411;Eslovenia;SVN;FP.CPI.TOTL.ZG;2014;0,199
412;Eslovenia;SVN;FP.CPI.TOTL.ZG;2015;-0,526
413;Eslovenia;SVN;FP.CPI.TOTL.ZG;2016;-0,055
414;Eslovenia;SVN;FP.CPI.TOTL.ZG;2017;1,429
415;Eslovenia;SVN;FP.CPI.TOTL.ZG;2018;1,739
416;Eslovenia;SVN;FP.CPI.TOTL.ZG;2019;1,631
417;Eslovenia;SVN;FP.CPI.TOTL.ZG;2020;-0,055
418;Eslovenia;SVN;FP.CPI.TOTL.ZG;2021;1,917
419;Eslovenia;SVN;FP.CPI.TOTL.ZG;2022;8,834
420;España;ESP;FP.CPI.TOTL.ZG;1995;4,674
421;España;ESP;FP.CPI.TOTL.ZG;1996;3,559
422;España;ESP;FP.CPI.TOTL.ZG;1997;1,971
423;España;ESP;FP.CPI.TOTL.ZG;1998;1,834
424;España;ESP;FP.CPI.TOTL.ZG;1999;2,31
425;España;ESP;FP.CPI.TOTL.ZG;2000;3,434
426;España;ESP;FP.CPI.TOTL.ZG;2001;3,59
427;España;ESP;FP.CPI.TOTL.ZG;2002;3,066
428;España;ESP;FP.CPI.TOTL.ZG;2003;3,039
429;España;ESP;FP.CPI.TOTL.ZG;2004;3,039
430;España;ESP;FP.CPI.TOTL.ZG;2005;3,369
431;España;ESP;FP.CPI.TOTL.ZG;2006;3,516
432;España;ESP;FP.CPI.TOTL.ZG;2007;2,787
433;España;ESP;FP.CPI.TOTL.ZG;2008;4,075
434;España;ESP;FP.CPI.TOTL.ZG;2009;-0,288
435;España;ESP;FP.CPI.TOTL.ZG;2010;1,8
436;España;ESP;FP.CPI.TOTL.ZG;2011;3,196
437;España;ESP;FP.CPI.TOTL.ZG;2012;2,446
438;España;ESP;FP.CPI.TOTL.ZG;2013;1,409
439;España;ESP;FP.CPI.TOTL.ZG;2014;-0,151
440;España;ESP;FP.CPI.TOTL.ZG;2015;-0,5
441;España;ESP;FP.CPI.TOTL.ZG;2016;-0,203
442;España;ESP;FP.CPI.TOTL.ZG;2017;1,956
443;España;ESP;FP.CPI.TOTL.ZG;2018;1,675
444;España;ESP;FP.CPI.TOTL.ZG;2019;0,7
445;España;ESP;FP.CPI.TOTL.ZG;2020;-0,323
446;España;ESP;FP.CPI.TOTL.ZG;2021;3,093
447;España;ESP;FP.CPI.TOTL.ZG;2022;8,391
448;Estados Unidos;USA;FP.CPI.TOTL.ZG;1995;2,805
449;Estados Unidos;USA;FP.CPI.TOTL.ZG;1996;2,931
450;Estados Unidos;USA;FP.CPI.TOTL.ZG;1997;2,338
451;Estados Unidos;USA;FP.CPI.TOTL.ZG;1998;1,552
452;Estados Unidos;USA;FP.CPI.TOTL.ZG;1999;2,188
453;Estados Unidos;USA;FP.CPI.TOTL.ZG;2000;3,377
454;Estados Unidos;USA;FP.CPI.TOTL.ZG;2001;2,826
455;Estados Unidos;USA;FP.CPI.TOTL.ZG;2002;1,586
456;Estados Unidos;USA;FP.CPI.TOTL.ZG;2003;2,27
457;Estados Unidos;USA;FP.CPI.TOTL.ZG;2004;2,677
458;Estados Unidos;USA;FP.CPI.TOTL.ZG;2005;3,393
459;Estados Unidos;USA;FP.CPI.TOTL.ZG;2006;3,226
460;Estados Unidos;USA;FP.CPI.TOTL.ZG;2007;2,853
461;Estados Unidos;USA;FP.CPI.TOTL.ZG;2008;3,839
462;Estados Unidos;USA;FP.CPI.TOTL.ZG;2009;-0,356
463;Estados Unidos;USA;FP.CPI.TOTL.ZG;2010;1,64
464;Estados Unidos;USA;FP.CPI.TOTL.ZG;2011;3,157
465;Estados Unidos;USA;FP.CPI.TOTL.ZG;2012;2,069
466;Estados Unidos;USA;FP.CPI.TOTL.ZG;2013;1,465
467;Estados Unidos;USA;FP.CPI.TOTL.ZG;2014;1,622
468;Estados Unidos;USA;FP.CPI.TOTL.ZG;2015;0,119
469;Estados Unidos;USA;FP.CPI.TOTL.ZG;2016;1,262
470;Estados Unidos;USA;FP.CPI.TOTL.ZG;2017;2,13
471;Estados Unidos;USA;FP.CPI.TOTL.ZG;2018;2,443
472;Estados Unidos;USA;FP.CPI.TOTL.ZG;2019;1,812
473;Estados Unidos;USA;FP.CPI.TOTL.ZG;2020;1,234
474;Estados Unidos;USA;FP.CPI.TOTL.ZG;2021;4,698
475;Estados Unidos;USA;FP.CPI.TOTL.ZG;2022;8,003
476;Estonia;EST;FP.CPI.TOTL.ZG;1995;28,777
477;Estonia;EST;FP.CPI.TOTL.ZG;1996;23,05
478;Estonia;EST;FP.CPI.TOTL.ZG;1997;10,582
479;Estonia;EST;FP.CPI.TOTL.ZG;1998;8,208
480;Estonia;EST;FP.CPI.TOTL.ZG;1999;3,296
481;Estonia;EST;FP.CPI.TOTL.ZG;2000;4,018
482;Estonia;EST;FP.CPI.TOTL.ZG;2001;5,748
483;Estonia;EST;FP.CPI.TOTL.ZG;2002;3,572
484;Estonia;EST;FP.CPI.TOTL.ZG;2003;1,335
485;Estonia;EST;FP.CPI.TOTL.ZG;2004;3,048
486;Estonia;EST;FP.CPI.TOTL.ZG;2005;4,08
487;Estonia;EST;FP.CPI.TOTL.ZG;2006;4,438
488;Estonia;EST;FP.CPI.TOTL.ZG;2007;6,601
489;Estonia;EST;FP.CPI.TOTL.ZG;2008;10,362
490;Estonia;EST;FP.CPI.TOTL.ZG;2009;-0,078
491;Estonia;EST;FP.CPI.TOTL.ZG;2010;2,972
492;Estonia;EST;FP.CPI.TOTL.ZG;2011;4,982
493;Estonia;EST;FP.CPI.TOTL.ZG;2012;3,933
494;Estonia;EST;FP.CPI.TOTL.ZG;2013;2,781
495;Estonia;EST;FP.CPI.TOTL.ZG;2014;-0,106
496;Estonia;EST;FP.CPI.TOTL.ZG;2015;-0,492
497;Estonia;EST;FP.CPI.TOTL.ZG;2016;0,149
498;Estonia;EST;FP.CPI.TOTL.ZG;2017;3,417
499;Estonia;EST;FP.CPI.TOTL.ZG;2018;3,436
500;Estonia;EST;FP.CPI.TOTL.ZG;2019;2,277
501;Estonia;EST;FP.CPI.TOTL.ZG;2020;-0,445
502;Estonia;EST;FP.CPI.TOTL.ZG;2021;4,653
503;Estonia;EST;FP.CPI.TOTL.ZG;2022;19,398
504;Finlandia;FIN;FP.CPI.TOTL.ZG;1995;0,791
505;Finlandia;FIN;FP.CPI.TOTL.ZG;1996;0,629
506;Finlandia;FIN;FP.CPI.TOTL.ZG;1997;1,193
507;Finlandia;FIN;FP.CPI.TOTL.ZG;1998;1,399
508;Finlandia;FIN;FP.CPI.TOTL.ZG;1999;1,162
509;Finlandia;FIN;FP.CPI.TOTL.ZG;2000;3,042
510;Finlandia;FIN;FP.CPI.TOTL.ZG;2001;2,578
511;Finlandia;FIN;FP.CPI.TOTL.ZG;2002;1,571
512;Finlandia;FIN;FP.CPI.TOTL.ZG;2003;0,877
513;Finlandia;FIN;FP.CPI.TOTL.ZG;2004;0,187
514;Finlandia;FIN;FP.CPI.TOTL.ZG;2005;0,624
515;Finlandia;FIN;FP.CPI.TOTL.ZG;2006;1,567
516;Finlandia;FIN;FP.CPI.TOTL.ZG;2007;2,511
517;Finlandia;FIN;FP.CPI.TOTL.ZG;2008;4,066
518;Finlandia;FIN;FP.CPI.TOTL.ZG;2009;-0,0
519;Finlandia;FIN;FP.CPI.TOTL.ZG;2010;1,184
520;Finlandia;FIN;FP.CPI.TOTL.ZG;2011;3,417
521;Finlandia;FIN;FP.CPI.TOTL.ZG;2012;2,808
522;Finlandia;FIN;FP.CPI.TOTL.ZG;2013;1,478
523;Finlandia;FIN;FP.CPI.TOTL.ZG;2014;1,041
524;Finlandia;FIN;FP.CPI.TOTL.ZG;2015;-0,208
525;Finlandia;FIN;FP.CPI.TOTL.ZG;2016;0,357
526;Finlandia;FIN;FP.CPI.TOTL.ZG;2017;0,754
527;Finlandia;FIN;FP.CPI.TOTL.ZG;2018;1,084
528;Finlandia;FIN;FP.CPI.TOTL.ZG;2019;1,024
529;Finlandia;FIN;FP.CPI.TOTL.ZG;2020;0,291
530;Finlandia;FIN;FP.CPI.TOTL.ZG;2021;2,195
531;Finlandia;FIN;FP.CPI.TOTL.ZG;2022;7,124
532;Francia;FRA;FP.CPI.TOTL.ZG;1995;1,796
533;Francia;FRA;FP.CPI.TOTL.ZG;1996;1,983
534;Francia;FRA;FP.CPI.TOTL.ZG;1997;1,204
535;Francia;FRA;FP.CPI.TOTL.ZG;1998;0,651
536;Francia;FRA;FP.CPI.TOTL.ZG;1999;0,537
537;Francia;FRA;FP.CPI.TOTL.ZG;2000;1,676
538;Francia;FRA;FP.CPI.TOTL.ZG;2001;1,635
539;Francia;FRA;FP.CPI.TOTL.ZG;2002;1,923
540;Francia;FRA;FP.CPI.TOTL.ZG;2003;2,098
541;Francia;FRA;FP.CPI.TOTL.ZG;2004;2,142
542;Francia;FRA;FP.CPI.TOTL.ZG;2005;1,746
543;Francia;FRA;FP.CPI.TOTL.ZG;2006;1,675
544;Francia;FRA;FP.CPI.TOTL.ZG;2007;1,488
545;Francia;FRA;FP.CPI.TOTL.ZG;2008;2,813
546;Francia;FRA;FP.CPI.TOTL.ZG;2009;0,088
547;Francia;FRA;FP.CPI.TOTL.ZG;2010;1,531
548;Francia;FRA;FP.CPI.TOTL.ZG;2011;2,112
549;Francia;FRA;FP.CPI.TOTL.ZG;2012;1,954
550;Francia;FRA;FP.CPI.TOTL.ZG;2013;0,864
551;Francia;FRA;FP.CPI.TOTL.ZG;2014;0,508
552;Francia;FRA;FP.CPI.TOTL.ZG;2015;0,038
553;Francia;FRA;FP.CPI.TOTL.ZG;2016;0,183
554;Francia;FRA;FP.CPI.TOTL.ZG;2017;1,032
555;Francia;FRA;FP.CPI.TOTL.ZG;2018;1,851
556;Francia;FRA;FP.CPI.TOTL.ZG;2019;1,108
557;Francia;FRA;FP.CPI.TOTL.ZG;2020;0,476
558;Francia;FRA;FP.CPI.TOTL.ZG;2021;1,642
559;Francia;FRA;FP.CPI.TOTL.ZG;2022;5,222
560;Grecia;GRC;FP.CPI.TOTL.ZG;1995;8,935
561;Grecia;GRC;FP.CPI.TOTL.ZG;1996;8,195
562;Grecia;GRC;FP.CPI.TOTL.ZG;1997;5,536
563;Grecia;GRC;FP.CPI.TOTL.ZG;1998;4,766
564;Grecia;GRC;FP.CPI.TOTL.ZG;1999;2,637
565;Grecia;GRC;FP.CPI.TOTL.ZG;2000;3,151
566;Grecia;GRC;FP.CPI.TOTL.ZG;2001;3,374
567;Grecia;GRC;FP.CPI.TOTL.ZG;2002;3,629
568;Grecia;GRC;FP.CPI.TOTL.ZG;2003;3,531
569;Grecia;GRC;FP.CPI.TOTL.ZG;2004;2,899
570;Grecia;GRC;FP.CPI.TOTL.ZG;2005;3,545
571;Grecia;GRC;FP.CPI.TOTL.ZG;2006;3,196
572;Grecia;GRC;FP.CPI.TOTL.ZG;2007;2,895
573;Grecia;GRC;FP.CPI.TOTL.ZG;2008;4,153
574;Grecia;GRC;FP.CPI.TOTL.ZG;2009;1,21
575;Grecia;GRC;FP.CPI.TOTL.ZG;2010;4,713
576;Grecia;GRC;FP.CPI.TOTL.ZG;2011;3,33
577;Grecia;GRC;FP.CPI.TOTL.ZG;2012;1,502
578;Grecia;GRC;FP.CPI.TOTL.ZG;2013;-0,921
579;Grecia;GRC;FP.CPI.TOTL.ZG;2014;-1,312
580;Grecia;GRC;FP.CPI.TOTL.ZG;2015;-1,736
581;Grecia;GRC;FP.CPI.TOTL.ZG;2016;-0,826
582;Grecia;GRC;FP.CPI.TOTL.ZG;2017;1,121
583;Grecia;GRC;FP.CPI.TOTL.ZG;2018;0,626
584;Grecia;GRC;FP.CPI.TOTL.ZG;2019;0,253
585;Grecia;GRC;FP.CPI.TOTL.ZG;2020;-1,248
586;Grecia;GRC;FP.CPI.TOTL.ZG;2021;1,224
587;Grecia;GRC;FP.CPI.TOTL.ZG;2022;9,645
588;Hungría;HUN;FP.CPI.TOTL.ZG;1995;28,305
589;Hungría;HUN;FP.CPI.TOTL.ZG;1996;23,469
590;Hungría;HUN;FP.CPI.TOTL.ZG;1997;18,305
591;Hungría;HUN;FP.CPI.TOTL.ZG;1998;14,154
592;Hungría;HUN;FP.CPI.TOTL.ZG;1999;9,998
593;Hungría;HUN;FP.CPI.TOTL.ZG;2000;9,804
594;Hungría;HUN;FP.CPI.TOTL.ZG;2001;9,117
595;Hungría;HUN;FP.CPI.TOTL.ZG;2002;5,265
596;Hungría;HUN;FP.CPI.TOTL.ZG;2003;4,661
597;Hungría;HUN;FP.CPI.TOTL.ZG;2004;6,744
598;Hungría;HUN;FP.CPI.TOTL.ZG;2005;3,562
599;Hungría;HUN;FP.CPI.TOTL.ZG;2006;3,93
600;Hungría;HUN;FP.CPI.TOTL.ZG;2007;7,959
601;Hungría;HUN;FP.CPI.TOTL.ZG;2008;6,043
602;Hungría;HUN;FP.CPI.TOTL.ZG;2009;4,212
603;Hungría;HUN;FP.CPI.TOTL.ZG;2010;4,856
604;Hungría;HUN;FP.CPI.TOTL.ZG;2011;3,93
605;Hungría;HUN;FP.CPI.TOTL.ZG;2012;5,652
606;Hungría;HUN;FP.CPI.TOTL.ZG;2013;1,733
607;Hungría;HUN;FP.CPI.TOTL.ZG;2014;-0,228
608;Hungría;HUN;FP.CPI.TOTL.ZG;2015;-0,062
609;Hungría;HUN;FP.CPI.TOTL.ZG;2016;0,395
610;Hungría;HUN;FP.CPI.TOTL.ZG;2017;2,348
611;Hungría;HUN;FP.CPI.TOTL.ZG;2018;2,85
612;Hungría;HUN;FP.CPI.TOTL.ZG;2019;3,339
613;Hungría;HUN;FP.CPI.TOTL.ZG;2020;3,327
614;Hungría;HUN;FP.CPI.TOTL.ZG;2021;5,111
615;Hungría;HUN;FP.CPI.TOTL.ZG;2022;14,608
616;Irlanda;IRL;FP.CPI.TOTL.ZG;1995;2,525
617;Irlanda;IRL;FP.CPI.TOTL.ZG;1996;1,754
618;Irlanda;IRL;FP.CPI.TOTL.ZG;1997;1,526
619;Irlanda;IRL;FP.CPI.TOTL.ZG;1998;2,416
620;Irlanda;IRL;FP.CPI.TOTL.ZG;1999;1,632
621;Irlanda;IRL;FP.CPI.TOTL.ZG;2000;5,591
622;Irlanda;IRL;FP.CPI.TOTL.ZG;2001;4,873
623;Irlanda;IRL;FP.CPI.TOTL.ZG;2002;4,615
624;Irlanda;IRL;FP.CPI.TOTL.ZG;2003;3,49
625;Irlanda;IRL;FP.CPI.TOTL.ZG;2004;2,2
626;Irlanda;IRL;FP.CPI.TOTL.ZG;2005;2,43
627;Irlanda;IRL;FP.CPI.TOTL.ZG;2006;3,932
628;Irlanda;IRL;FP.CPI.TOTL.ZG;2007;4,897
629;Irlanda;IRL;FP.CPI.TOTL.ZG;2008;4,06
630;Irlanda;IRL;FP.CPI.TOTL.ZG;2009;-4,478
631;Irlanda;IRL;FP.CPI.TOTL.ZG;2010;-0,922
632;Irlanda;IRL;FP.CPI.TOTL.ZG;2011;2,557
633;Irlanda;IRL;FP.CPI.TOTL.ZG;2012;1,696
634;Irlanda;IRL;FP.CPI.TOTL.ZG;2013;0,509
635;Irlanda;IRL;FP.CPI.TOTL.ZG;2014;0,183
636;Irlanda;IRL;FP.CPI.TOTL.ZG;2015;-0,29
637;Irlanda;IRL;FP.CPI.TOTL.ZG;2016;0,008
638;Irlanda;IRL;FP.CPI.TOTL.ZG;2017;0,341
639;Irlanda;IRL;FP.CPI.TOTL.ZG;2018;0,488
640;Irlanda;IRL;FP.CPI.TOTL.ZG;2019;0,939
641;Irlanda;IRL;FP.CPI.TOTL.ZG;2020;-0,335
642;Irlanda;IRL;FP.CPI.TOTL.ZG;2021;2,358
643;Irlanda;IRL;FP.CPI.TOTL.ZG;2022;7,807
644;Islandia;ISL;FP.CPI.TOTL.ZG;1995;1,651
645;Islandia;ISL;FP.CPI.TOTL.ZG;1996;2,26
646;Islandia;ISL;FP.CPI.TOTL.ZG;1997;1,815
647;Islandia;ISL;FP.CPI.TOTL.ZG;1998;1,659
648;Islandia;ISL;FP.CPI.TOTL.ZG;1999;3,232
649;Islandia;ISL;FP.CPI.TOTL.ZG;2000;5,136
650;Islandia;ISL;FP.CPI.TOTL.ZG;2001;6,405
651;Islandia;ISL;FP.CPI.TOTL.ZG;2002;5,197
652;Islandia;ISL;FP.CPI.TOTL.ZG;2003;2,056
653;Islandia;ISL;FP.CPI.TOTL.ZG;2004;3,158
654;Islandia;ISL;FP.CPI.TOTL.ZG;2005;3,987
655;Islandia;ISL;FP.CPI.TOTL.ZG;2006;6,687
656;Islandia;ISL;FP.CPI.TOTL.ZG;2007;5,052
657;Islandia;ISL;FP.CPI.TOTL.ZG;2008;12,694
658;Islandia;ISL;FP.CPI.TOTL.ZG;2009;12,003
659;Islandia;ISL;FP.CPI.TOTL.ZG;2010;5,397
660;Islandia;ISL;FP.CPI.TOTL.ZG;2011;4,001
661;Islandia;ISL;FP.CPI.TOTL.ZG;2012;5,186
662;Islandia;ISL;FP.CPI.TOTL.ZG;2013;3,872
663;Islandia;ISL;FP.CPI.TOTL.ZG;2014;2,045
664;Islandia;ISL;FP.CPI.TOTL.ZG;2015;1,633
665;Islandia;ISL;FP.CPI.TOTL.ZG;2016;1,697
666;Islandia;ISL;FP.CPI.TOTL.ZG;2017;1,76
667;Islandia;ISL;FP.CPI.TOTL.ZG;2018;2,683
668;Islandia;ISL;FP.CPI.TOTL.ZG;2019;3,014
669;Islandia;ISL;FP.CPI.TOTL.ZG;2020;2,848
670;Islandia;ISL;FP.CPI.TOTL.ZG;2021;4,444
671;Islandia;ISL;FP.CPI.TOTL.ZG;2022;8,309
672;Israel;ISR;FP.CPI.TOTL.ZG;1995;9,931
673;Israel;ISR;FP.CPI.TOTL.ZG;1996;11,417
674;Israel;ISR;FP.CPI.TOTL.ZG;1997;8,97
675;Israel;ISR;FP.CPI.TOTL.ZG;1998;5,492
676;Israel;ISR;FP.CPI.TOTL.ZG;1999;5,181
677;Israel;ISR;FP.CPI.TOTL.ZG;2000;1,033
678;Israel;ISR;FP.CPI.TOTL.ZG;2001;1,151
679;Israel;ISR;FP.CPI.TOTL.ZG;2002;5,772
680;Israel;ISR;FP.CPI.TOTL.ZG;2003;0,703
681;Israel;ISR;FP.CPI.TOTL.ZG;2004;-0,382
682;Israel;ISR;FP.CPI.TOTL.ZG;2005;1,313
683;Israel;ISR;FP.CPI.TOTL.ZG;2006;2,064
684;Israel;ISR;FP.CPI.TOTL.ZG;2007;0,455
685;Israel;ISR;FP.CPI.TOTL.ZG;2008;4,552
686;Israel;ISR;FP.CPI.TOTL.ZG;2009;3,356
687;Israel;ISR;FP.CPI.TOTL.ZG;2010;2,691
688;Israel;ISR;FP.CPI.TOTL.ZG;2011;3,485
689;Israel;ISR;FP.CPI.TOTL.ZG;2012;1,679
690;Israel;ISR;FP.CPI.TOTL.ZG;2013;1,57
691;Israel;ISR;FP.CPI.TOTL.ZG;2014;0,48
692;Israel;ISR;FP.CPI.TOTL.ZG;2015;-0,601
693;Israel;ISR;FP.CPI.TOTL.ZG;2016;-0,552
694;Israel;ISR;FP.CPI.TOTL.ZG;2017;0,259
695;Israel;ISR;FP.CPI.TOTL.ZG;2018;0,794
696;Israel;ISR;FP.CPI.TOTL.ZG;2019;0,85
697;Israel;ISR;FP.CPI.TOTL.ZG;2020;-0,614
698;Israel;ISR;FP.CPI.TOTL.ZG;2021;1,51
699;Israel;ISR;FP.CPI.TOTL.ZG;2022;4,394
700;Italia;ITA;FP.CPI.TOTL.ZG;1995;5,235
701;Italia;ITA;FP.CPI.TOTL.ZG;1996;4,007
702;Italia;ITA;FP.CPI.TOTL.ZG;1997;2,043
703;Italia;ITA;FP.CPI.TOTL.ZG;1998;1,955
704;Italia;ITA;FP.CPI.TOTL.ZG;1999;1,663
705;Italia;ITA;FP.CPI.TOTL.ZG;2000;2,538
706;Italia;ITA;FP.CPI.TOTL.ZG;2001;2,785
707;Italia;ITA;FP.CPI.TOTL.ZG;2002;2,465
708;Italia;ITA;FP.CPI.TOTL.ZG;2003;2,673
709;Italia;ITA;FP.CPI.TOTL.ZG;2004;2,207
710;Italia;ITA;FP.CPI.TOTL.ZG;2005;1,985
711;Italia;ITA;FP.CPI.TOTL.ZG;2006;2,091
712;Italia;ITA;FP.CPI.TOTL.ZG;2007;1,83
713;Italia;ITA;FP.CPI.TOTL.ZG;2008;3,348
714;Italia;ITA;FP.CPI.TOTL.ZG;2009;0,775
715;Italia;ITA;FP.CPI.TOTL.ZG;2010;1,526
716;Italia;ITA;FP.CPI.TOTL.ZG;2011;2,781
717;Italia;ITA;FP.CPI.TOTL.ZG;2012;3,041
718;Italia;ITA;FP.CPI.TOTL.ZG;2013;1,22
719;Italia;ITA;FP.CPI.TOTL.ZG;2014;0,241
720;Italia;ITA;FP.CPI.TOTL.ZG;2015;0,039
721;Italia;ITA;FP.CPI.TOTL.ZG;2016;-0,094
722;Italia;ITA;FP.CPI.TOTL.ZG;2017;1,227
723;Italia;ITA;FP.CPI.TOTL.ZG;2018;1,137
724;Italia;ITA;FP.CPI.TOTL.ZG;2019;0,611
725;Italia;ITA;FP.CPI.TOTL.ZG;2020;-0,138
726;Italia;ITA;FP.CPI.TOTL.ZG;2021;1,874
727;Italia;ITA;FP.CPI.TOTL.ZG;2022;8,201
728;Japón;JPN;FP.CPI.TOTL.ZG;1995;-0,128
729;Japón;JPN;FP.CPI.TOTL.ZG;1996;0,137
730;Japón;JPN;FP.CPI.TOTL.ZG;1997;1,748
731;Japón;JPN;FP.CPI.TOTL.ZG;1998;0,662
732;Japón;JPN;FP.CPI.TOTL.ZG;1999;-0,341
733;Japón;JPN;FP.CPI.TOTL.ZG;2000;-0,677
734;Japón;JPN;FP.CPI.TOTL.ZG;2001;-0,74
735;Japón;JPN;FP.CPI.TOTL.ZG;2002;-0,923
736;Japón;JPN;FP.CPI.TOTL.ZG;2003;-0,257
737;Japón;JPN;FP.CPI.TOTL.ZG;2004;-0,009
738;Japón;JPN;FP.CPI.TOTL.ZG;2005;-0,283
739;Japón;JPN;FP.CPI.TOTL.ZG;2006;0,249
740;Japón;JPN;FP.CPI.TOTL.ZG;2007;0,06
741;Japón;JPN;FP.CPI.TOTL.ZG;2008;1,38
742;Japón;JPN;FP.CPI.TOTL.ZG;2009;-1,353
743;Japón;JPN;FP.CPI.TOTL.ZG;2010;-0,728
744;Japón;JPN;FP.CPI.TOTL.ZG;2011;-0,272
745;Japón;JPN;FP.CPI.TOTL.ZG;2012;-0,044
746;Japón;JPN;FP.CPI.TOTL.ZG;2013;0,335
747;Japón;JPN;FP.CPI.TOTL.ZG;2014;2,759
748;Japón;JPN;FP.CPI.TOTL.ZG;2015;0,795
749;Japón;JPN;FP.CPI.TOTL.ZG;2016;-0,127
750;Japón;JPN;FP.CPI.TOTL.ZG;2017;0,484
751;Japón;JPN;FP.CPI.TOTL.ZG;2018;0,989
752;Japón;JPN;FP.CPI.TOTL.ZG;2019;0,469
753;Japón;JPN;FP.CPI.TOTL.ZG;2020;-0,025
754;Japón;JPN;FP.CPI.TOTL.ZG;2021;-0,233
755;Japón;JPN;FP.CPI.TOTL.ZG;2022;2,498
756;Letonia;LVA;FP.CPI.TOTL.ZG;1995;24,976
757;Letonia;LVA;FP.CPI.TOTL.ZG;1996;17,61
758;Letonia;LVA;FP.CPI.TOTL.ZG;1997;8,447
759;Letonia;LVA;FP.CPI.TOTL.ZG;1998;4,644
760;Letonia;LVA;FP.CPI.TOTL.ZG;1999;2,365
761;Letonia;LVA;FP.CPI.TOTL.ZG;2000;2,654
762;Letonia;LVA;FP.CPI.TOTL.ZG;2001;2,487
763;Letonia;LVA;FP.CPI.TOTL.ZG;2002;1,939
764;Letonia;LVA;FP.CPI.TOTL.ZG;2003;2,943
765;Letonia;LVA;FP.CPI.TOTL.ZG;2004;6,192
766;Letonia;LVA;FP.CPI.TOTL.ZG;2005;6,748
767;Letonia;LVA;FP.CPI.TOTL.ZG;2006;6,536
768;Letonia;LVA;FP.CPI.TOTL.ZG;2007;10,093
769;Letonia;LVA;FP.CPI.TOTL.ZG;2008;15,402
770;Letonia;LVA;FP.CPI.TOTL.ZG;2009;3,534
771;Letonia;LVA;FP.CPI.TOTL.ZG;2010;-1,085
772;Letonia;LVA;FP.CPI.TOTL.ZG;2011;4,371
773;Letonia;LVA;FP.CPI.TOTL.ZG;2012;2,258
774;Letonia;LVA;FP.CPI.TOTL.ZG;2013;-0,029
775;Letonia;LVA;FP.CPI.TOTL.ZG;2014;0,62
776;Letonia;LVA;FP.CPI.TOTL.ZG;2015;0,174
777;Letonia;LVA;FP.CPI.TOTL.ZG;2016;0,141
778;Letonia;LVA;FP.CPI.TOTL.ZG;2017;2,93
779;Letonia;LVA;FP.CPI.TOTL.ZG;2018;2,534
780;Letonia;LVA;FP.CPI.TOTL.ZG;2019;2,811
781;Letonia;LVA;FP.CPI.TOTL.ZG;2020;0,219
782;Letonia;LVA;FP.CPI.TOTL.ZG;2021;3,276
783;Letonia;LVA;FP.CPI.TOTL.ZG;2022;17,31
784;Lituania;LTU;FP.CPI.TOTL.ZG;1995;39,648
785;Lituania;LTU;FP.CPI.TOTL.ZG;1996;24,625
786;Lituania;LTU;FP.CPI.TOTL.ZG;1997;8,881
787;Lituania;LTU;FP.CPI.TOTL.ZG;1998;5,068
788;Lituania;LTU;FP.CPI.TOTL.ZG;1999;0,728
789;Lituania;LTU;FP.CPI.TOTL.ZG;2000;0,982
790;Lituania;LTU;FP.CPI.TOTL.ZG;2001;1,367
791;Lituania;LTU;FP.CPI.TOTL.ZG;2002;0,282
792;Lituania;LTU;FP.CPI.TOTL.ZG;2003;-1,134
793;Lituania;LTU;FP.CPI.TOTL.ZG;2004;1,164
794;Lituania;LTU;FP.CPI.TOTL.ZG;2005;2,658
795;Lituania;LTU;FP.CPI.TOTL.ZG;2006;3,739
796;Lituania;LTU;FP.CPI.TOTL.ZG;2007;5,737
797;Lituania;LTU;FP.CPI.TOTL.ZG;2008;10,926
798;Lituania;LTU;FP.CPI.TOTL.ZG;2009;4,453
799;Lituania;LTU;FP.CPI.TOTL.ZG;2010;1,319
800;Lituania;LTU;FP.CPI.TOTL.ZG;2011;4,13
801;Lituania;LTU;FP.CPI.TOTL.ZG;2012;3,09
802;Lituania;LTU;FP.CPI.TOTL.ZG;2013;1,047
803;Lituania;LTU;FP.CPI.TOTL.ZG;2014;0,104
804;Lituania;LTU;FP.CPI.TOTL.ZG;2015;-0,884
805;Lituania;LTU;FP.CPI.TOTL.ZG;2016;0,906
806;Lituania;LTU;FP.CPI.TOTL.ZG;2017;3,723
807;Lituania;LTU;FP.CPI.TOTL.ZG;2018;2,698
808;Lituania;LTU;FP.CPI.TOTL.ZG;2019;2,335
809;Lituania;LTU;FP.CPI.TOTL.ZG;2020;1,2
810;Lituania;LTU;FP.CPI.TOTL.ZG;2021;4,684
811;Lituania;LTU;FP.CPI.TOTL.ZG;2022;19,705
812;Luxemburgo;LUX;FP.CPI.TOTL.ZG;1995;1,868
813;Luxemburgo;LUX;FP.CPI.TOTL.ZG;1996;1,184
814;Luxemburgo;LUX;FP.CPI.TOTL.ZG;1997;1,368
815;Luxemburgo;LUX;FP.CPI.TOTL.ZG;1998;0,959
816;Luxemburgo;LUX;FP.CPI.TOTL.ZG;1999;1,025
817;Luxemburgo;LUX;FP.CPI.TOTL.ZG;2000;3,151
818;Luxemburgo;LUX;FP.CPI.TOTL.ZG;2001;2,664
819;Luxemburgo;LUX;FP.CPI.TOTL.ZG;2002;2,074
820;Luxemburgo;LUX;FP.CPI.TOTL.ZG;2003;2,05
821;Luxemburgo;LUX;FP.CPI.TOTL.ZG;2004;2,226
822;Luxemburgo;LUX;FP.CPI.TOTL.ZG;2005;2,488
823;Luxemburgo;LUX;FP.CPI.TOTL.ZG;2006;2,666
824;Luxemburgo;LUX;FP.CPI.TOTL.ZG;2007;2,312
825;Luxemburgo;LUX;FP.CPI.TOTL.ZG;2008;3,402
826;Luxemburgo;LUX;FP.CPI.TOTL.ZG;2009;0,368
827;Luxemburgo;LUX;FP.CPI.TOTL.ZG;2010;2,274
828;Luxemburgo;LUX;FP.CPI.TOTL.ZG;2011;3,411
829;Luxemburgo;LUX;FP.CPI.TOTL.ZG;2012;2,663
830;Luxemburgo;LUX;FP.CPI.TOTL.ZG;2013;1,734
831;Luxemburgo;LUX;FP.CPI.TOTL.ZG;2014;0,629
832;Luxemburgo;LUX;FP.CPI.TOTL.ZG;2015;0,475
833;Luxemburgo;LUX;FP.CPI.TOTL.ZG;2016;0,291
834;Luxemburgo;LUX;FP.CPI.TOTL.ZG;2017;1,731
835;Luxemburgo;LUX;FP.CPI.TOTL.ZG;2018;1,528
836;Luxemburgo;LUX;FP.CPI.TOTL.ZG;2019;1,743
837;Luxemburgo;LUX;FP.CPI.TOTL.ZG;2020;0,82
838;Luxemburgo;LUX;FP.CPI.TOTL.ZG;2021;2,527
839;Luxemburgo;LUX;FP.CPI.TOTL.ZG;2022;6,336
840;Malta;MLT;FP.CPI.TOTL.ZG;1995;4,427
841;Malta;MLT;FP.CPI.TOTL.ZG;1996;2,054
842;Malta;MLT;FP.CPI.TOTL.ZG;1997;3,112
843;Malta;MLT;FP.CPI.TOTL.ZG;1998;2,385
844;Malta;MLT;FP.CPI.TOTL.ZG;1999;2,135
845;Malta;MLT;FP.CPI.TOTL.ZG;2000;2,37
846;Malta;MLT;FP.CPI.TOTL.ZG;2001;2,929
847;Malta;MLT;FP.CPI.TOTL.ZG;2002;2,188
848;Malta;MLT;FP.CPI.TOTL.ZG;2003;1,304
849;Malta;MLT;FP.CPI.TOTL.ZG;2004;2,791
850;Malta;MLT;FP.CPI.TOTL.ZG;2005;3,008
851;Malta;MLT;FP.CPI.TOTL.ZG;2006;2,774
852;Malta;MLT;FP.CPI.TOTL.ZG;2007;1,249
853;Malta;MLT;FP.CPI.TOTL.ZG;2008;4,259
854;Malta;MLT;FP.CPI.TOTL.ZG;2009;2,084
855;Malta;MLT;FP.CPI.TOTL.ZG;2010;1,516
856;Malta;MLT;FP.CPI.TOTL.ZG;2011;2,963
857;Malta;MLT;FP.CPI.TOTL.ZG;2012;2,376
858;Malta;MLT;FP.CPI.TOTL.ZG;2013;1,18
859;Malta;MLT;FP.CPI.TOTL.ZG;2014;0,31
860;Malta;MLT;FP.CPI.TOTL.ZG;2015;1,101
861;Malta;MLT;FP.CPI.TOTL.ZG;2016;0,643
862;Malta;MLT;FP.CPI.TOTL.ZG;2017;1,364
863;Malta;MLT;FP.CPI.TOTL.ZG;2018;1,158
864;Malta;MLT;FP.CPI.TOTL.ZG;2019;1,642
865;Malta;MLT;FP.CPI.TOTL.ZG;2020;0,639
866;Malta;MLT;FP.CPI.TOTL.ZG;2021;1,498
867;Malta;MLT;FP.CPI.TOTL.ZG;2022;6,154
868;México;MEX;FP.CPI.TOTL.ZG;1995;34,999
869;México;MEX;FP.CPI.TOTL.ZG;1996;34,378
870;México;MEX;FP.CPI.TOTL.ZG;1997;20,626
871;México;MEX;FP.CPI.TOTL.ZG;1998;15,928
872;México;MEX;FP.CPI.TOTL.ZG;1999;16,586
873;México;MEX;FP.CPI.TOTL.ZG;2000;9,492
874;México;MEX;FP.CPI.TOTL.ZG;2001;6,368
875;México;MEX;FP.CPI.TOTL.ZG;2002;5,031
876;México;MEX;FP.CPI.TOTL.ZG;2003;4,547
877;México;MEX;FP.CPI.TOTL.ZG;2004;4,688
878;México;MEX;FP.CPI.TOTL.ZG;2005;3,988
879;México;MEX;FP.CPI.TOTL.ZG;2006;3,629
880;México;MEX;FP.CPI.TOTL.ZG;2007;3,967
881;México;MEX;FP.CPI.TOTL.ZG;2008;5,125
882;México;MEX;FP.CPI.TOTL.ZG;2009;5,297
883;México;MEX;FP.CPI.TOTL.ZG;2010;4,157
884;México;MEX;FP.CPI.TOTL.ZG;2011;3,407
885;México;MEX;FP.CPI.TOTL.ZG;2012;4,112
886;México;MEX;FP.CPI.TOTL.ZG;2013;3,806
887;México;MEX;FP.CPI.TOTL.ZG;2014;4,019
888;México;MEX;FP.CPI.TOTL.ZG;2015;2,721
889;México;MEX;FP.CPI.TOTL.ZG;2016;2,822
890;México;MEX;FP.CPI.TOTL.ZG;2017;6,041
891;México;MEX;FP.CPI.TOTL.ZG;2018;4,899
892;México;MEX;FP.CPI.TOTL.ZG;2019;3,636
893;México;MEX;FP.CPI.TOTL.ZG;2020;3,397
894;México;MEX;FP.CPI.TOTL.ZG;2021;5,689
895;México;MEX;FP.CPI.TOTL.ZG;2022;7,896
896;Noruega;NOR;FP.CPI.TOTL.ZG;1995;2,46
897;Noruega;NOR;FP.CPI.TOTL.ZG;1996;1,263
898;Noruega;NOR;FP.CPI.TOTL.ZG;1997;2,567
899;Noruega;NOR;FP.CPI.TOTL.ZG;1998;2,252
900;Noruega;NOR;FP.CPI.TOTL.ZG;1999;2,366
901;Noruega;NOR;FP.CPI.TOTL.ZG;2000;3,086
902;Noruega;NOR;FP.CPI.TOTL.ZG;2001;3,004
903;Noruega;NOR;FP.CPI.TOTL.ZG;2002;1,287
904;Noruega;NOR;FP.CPI.TOTL.ZG;2003;2,488
905;Noruega;NOR;FP.CPI.TOTL.ZG;2004;0,454
906;Noruega;NOR;FP.CPI.TOTL.ZG;2005;1,532
907;Noruega;NOR;FP.CPI.TOTL.ZG;2006;2,329
908;Noruega;NOR;FP.CPI.TOTL.ZG;2007;0,713
909;Noruega;NOR;FP.CPI.TOTL.ZG;2008;3,754
910;Noruega;NOR;FP.CPI.TOTL.ZG;2009;2,197
911;Noruega;NOR;FP.CPI.TOTL.ZG;2010;2,419
912;Noruega;NOR;FP.CPI.TOTL.ZG;2011;1,285
913;Noruega;NOR;FP.CPI.TOTL.ZG;2012;0,697
914;Noruega;NOR;FP.CPI.TOTL.ZG;2013;2,12
915;Noruega;NOR;FP.CPI.TOTL.ZG;2014;2,042
916;Noruega;NOR;FP.CPI.TOTL.ZG;2015;2,171
917;Noruega;NOR;FP.CPI.TOTL.ZG;2016;3,55
918;Noruega;NOR;FP.CPI.TOTL.ZG;2017;1,875
919;Noruega;NOR;FP.CPI.TOTL.ZG;2018;2,765
920;Noruega;NOR;FP.CPI.TOTL.ZG;2019;2,168
921;Noruega;NOR;FP.CPI.TOTL.ZG;2020;1,287
922;Noruega;NOR;FP.CPI.TOTL.ZG;2021;3,484
923;Noruega;NOR;FP.CPI.TOTL.ZG;2022;5,764
924;Nueva Zelanda;NZL;FP.CPI.TOTL.ZG;1995;3,755
925;Nueva Zelanda;NZL;FP.CPI.TOTL.ZG;1996;2,286
926;Nueva Zelanda;NZL;FP.CPI.TOTL.ZG;1997;1,187
927;Nueva Zelanda;NZL;FP.CPI.TOTL.ZG;1998;1,265
928;Nueva Zelanda;NZL;FP.CPI.TOTL.ZG;1999;-0,114
929;Nueva Zelanda;NZL;FP.CPI.TOTL.ZG;2000;2,615
930;Nueva Zelanda;NZL;FP.CPI.TOTL.ZG;2001;2,626
931;Nueva Zelanda;NZL;FP.CPI.TOTL.ZG;2002;2,677
932;Nueva Zelanda;NZL;FP.CPI.TOTL.ZG;2003;1,754
933;Nueva Zelanda;NZL;FP.CPI.TOTL.ZG;2004;2,29
934;Nueva Zelanda;NZL;FP.CPI.TOTL.ZG;2005;3,037
935;Nueva Zelanda;NZL;FP.CPI.TOTL.ZG;2006;3,365
936;Nueva Zelanda;NZL;FP.CPI.TOTL.ZG;2007;2,376
937;Nueva Zelanda;NZL;FP.CPI.TOTL.ZG;2008;3,959
938;Nueva Zelanda;NZL;FP.CPI.TOTL.ZG;2009;2,116
939;Nueva Zelanda;NZL;FP.CPI.TOTL.ZG;2010;2,302
940;Nueva Zelanda;NZL;FP.CPI.TOTL.ZG;2011;4,028
941;Nueva Zelanda;NZL;FP.CPI.TOTL.ZG;2012;1,06
942;Nueva Zelanda;NZL;FP.CPI.TOTL.ZG;2013;1,134
943;Nueva Zelanda;NZL;FP.CPI.TOTL.ZG;2014;1,228
944;Nueva Zelanda;NZL;FP.CPI.TOTL.ZG;2015;0,293
945;Nueva Zelanda;NZL;FP.CPI.TOTL.ZG;2016;0,646
946;Nueva Zelanda;NZL;FP.CPI.TOTL.ZG;2017;1,851
947;Nueva Zelanda;NZL;FP.CPI.TOTL.ZG;2018;1,598
948;Nueva Zelanda;NZL;FP.CPI.TOTL.ZG;2019;1,62
949;Nueva Zelanda;NZL;FP.CPI.TOTL.ZG;2020;1,715
950;Nueva Zelanda;NZL;FP.CPI.TOTL.ZG;2021;3,941
951;Nueva Zelanda;NZL;FP.CPI.TOTL.ZG;2022;7,172
952;Países Bajos;NLD;FP.CPI.TOTL.ZG;1995;1,923
953;Países Bajos;NLD;FP.CPI.TOTL.ZG;1996;1,949
954;Países Bajos;NLD;FP.CPI.TOTL.ZG;1997;2,109
955;Países Bajos;NLD;FP.CPI.TOTL.ZG;1998;1,959
956;Países Bajos;NLD;FP.CPI.TOTL.ZG;1999;2,157
957;Países Bajos;NLD;FP.CPI.TOTL.ZG;2000;2,361
958;Países Bajos;NLD;FP.CPI.TOTL.ZG;2001;4,156
959;Países Bajos;NLD;FP.CPI.TOTL.ZG;2002;3,288
960;Países Bajos;NLD;FP.CPI.TOTL.ZG;2003;2,092
961;Países Bajos;NLD;FP.CPI.TOTL.ZG;2004;1,264
962;Países Bajos;NLD;FP.CPI.TOTL.ZG;2005;1,688
963;Países Bajos;NLD;FP.CPI.TOTL.ZG;2006;1,102
964;Países Bajos;NLD;FP.CPI.TOTL.ZG;2007;1,614
965;Países Bajos;NLD;FP.CPI.TOTL.ZG;2008;2,487
966;Países Bajos;NLD;FP.CPI.TOTL.ZG;2009;1,19
967;Países Bajos;NLD;FP.CPI.TOTL.ZG;2010;1,275
968;Países Bajos;NLD;FP.CPI.TOTL.ZG;2011;2,341
969;Países Bajos;NLD;FP.CPI.TOTL.ZG;2012;2,456
970;Países Bajos;NLD;FP.CPI.TOTL.ZG;2013;2,507
971;Países Bajos;NLD;FP.CPI.TOTL.ZG;2014;0,976
972;Países Bajos;NLD;FP.CPI.TOTL.ZG;2015;0,6
973;Países Bajos;NLD;FP.CPI.TOTL.ZG;2016;0,317
974;Países Bajos;NLD;FP.CPI.TOTL.ZG;2017;1,381
975;Países Bajos;NLD;FP.CPI.TOTL.ZG;2018;1,703
976;Países Bajos;NLD;FP.CPI.TOTL.ZG;2019;2,634
977;Países Bajos;NLD;FP.CPI.TOTL.ZG;2020;1,272
978;Países Bajos;NLD;FP.CPI.TOTL.ZG;2021;2,676
979;Países Bajos;NLD;FP.CPI.TOTL.ZG;2022;10,001
980;Polonia;POL;FP.CPI.TOTL.ZG;1995;27,951
981;Polonia;POL;FP.CPI.TOTL.ZG;1996;19,795
982;Polonia;POL;FP.CPI.TOTL.ZG;1997;14,913
983;Polonia;POL;FP.CPI.TOTL.ZG;1998;11,598
984;Polonia;POL;FP.CPI.TOTL.ZG;1999;7,154
985;Polonia;POL;FP.CPI.TOTL.ZG;2000;9,9
986;Polonia;POL;FP.CPI.TOTL.ZG;2001;5,408
987;Polonia;POL;FP.CPI.TOTL.ZG;2002;1,905
988;Polonia;POL;FP.CPI.TOTL.ZG;2003;0,683
989;Polonia;POL;FP.CPI.TOTL.ZG;2004;3,383
990;Polonia;POL;FP.CPI.TOTL.ZG;2005;2,184
991;Polonia;POL;FP.CPI.TOTL.ZG;2006;1,285
992;Polonia;POL;FP.CPI.TOTL.ZG;2007;2,459
993;Polonia;POL;FP.CPI.TOTL.ZG;2008;4,165
994;Polonia;POL;FP.CPI.TOTL.ZG;2009;3,795
995;Polonia;POL;FP.CPI.TOTL.ZG;2010;2,581
996;Polonia;POL;FP.CPI.TOTL.ZG;2011;4,239
997;Polonia;POL;FP.CPI.TOTL.ZG;2012;3,56
998;Polonia;POL;FP.CPI.TOTL.ZG;2013;0,992
999;Polonia;POL;FP.CPI.TOTL.ZG;2014;0,054
1000;Polonia;POL;FP.CPI.TOTL.ZG;2015;-0,874
1001;Polonia;POL;FP.CPI.TOTL.ZG;2016;-0,665
1002;Polonia;POL;FP.CPI.TOTL.ZG;2017;2,076
1003;Polonia;POL;FP.CPI.TOTL.ZG;2018;1,813
1004;Polonia;POL;FP.CPI.TOTL.ZG;2019;2,227
1005;Polonia;POL;FP.CPI.TOTL.ZG;2020;3,374
1006;Polonia;POL;FP.CPI.TOTL.ZG;2021;5,055
1007;Polonia;POL;FP.CPI.TOTL.ZG;2022;14,429
1008;Portugal;PRT;FP.CPI.TOTL.ZG;1995;4,223
1009;Portugal;PRT;FP.CPI.TOTL.ZG;1996;3,069
1010;Portugal;PRT;FP.CPI.TOTL.ZG;1997;2,337
1011;Portugal;PRT;FP.CPI.TOTL.ZG;1998;2,573
1012;Portugal;PRT;FP.CPI.TOTL.ZG;1999;2,34
1013;Portugal;PRT;FP.CPI.TOTL.ZG;2000;2,853
1014;Portugal;PRT;FP.CPI.TOTL.ZG;2001;4,37
1015;Portugal;PRT;FP.CPI.TOTL.ZG;2002;3,6
1016;Portugal;PRT;FP.CPI.TOTL.ZG;2003;3,219
1017;Portugal;PRT;FP.CPI.TOTL.ZG;2004;2,365
1018;Portugal;PRT;FP.CPI.TOTL.ZG;2005;2,277
1019;Portugal;PRT;FP.CPI.TOTL.ZG;2006;3,108
1020;Portugal;PRT;FP.CPI.TOTL.ZG;2007;2,454
1021;Portugal;PRT;FP.CPI.TOTL.ZG;2008;2,589
1022;Portugal;PRT;FP.CPI.TOTL.ZG;2009;-0,836
1023;Portugal;PRT;FP.CPI.TOTL.ZG;2010;1,403
1024;Portugal;PRT;FP.CPI.TOTL.ZG;2011;3,653
1025;Portugal;PRT;FP.CPI.TOTL.ZG;2012;2,773
1026;Portugal;PRT;FP.CPI.TOTL.ZG;2013;0,274
1027;Portugal;PRT;FP.CPI.TOTL.ZG;2014;-0,278
1028;Portugal;PRT;FP.CPI.TOTL.ZG;2015;0,488
1029;Portugal;PRT;FP.CPI.TOTL.ZG;2016;0,607
1030;Portugal;PRT;FP.CPI.TOTL.ZG;2017;1,369
1031;Portugal;PRT;FP.CPI.TOTL.ZG;2018;0,994
1032;Portugal;PRT;FP.CPI.TOTL.ZG;2019;0,338
1033;Portugal;PRT;FP.CPI.TOTL.ZG;2020;-0,012
1034;Portugal;PRT;FP.CPI.TOTL.ZG;2021;1,266
1035;Portugal;PRT;FP.CPI.TOTL.ZG;2022;7,833
1036;Reino Unido;GBR;FP.CPI.TOTL.ZG;1995;2,697
1037;Reino Unido;GBR;FP.CPI.TOTL.ZG;1996;2,852
1038;Reino Unido;GBR;FP.CPI.TOTL.ZG;1997;2,201
1039;Reino Unido;GBR;FP.CPI.TOTL.ZG;1998;1,821
1040;Reino Unido;GBR;FP.CPI.TOTL.ZG;1999;1,753
1041;Reino Unido;GBR;FP.CPI.TOTL.ZG;2000;1,183
1042;Reino Unido;GBR;FP.CPI.TOTL.ZG;2001;1,532
1043;Reino Unido;GBR;FP.CPI.TOTL.ZG;2002;1,52
1044;Reino Unido;GBR;FP.CPI.TOTL.ZG;2003;1,377
1045;Reino Unido;GBR;FP.CPI.TOTL.ZG;2004;1,39
1046;Reino Unido;GBR;FP.CPI.TOTL.ZG;2005;2,089
1047;Reino Unido;GBR;FP.CPI.TOTL.ZG;2006;2,456
1048;Reino Unido;GBR;FP.CPI.TOTL.ZG;2007;2,387
1049;Reino Unido;GBR;FP.CPI.TOTL.ZG;2008;3,521
1050;Reino Unido;GBR;FP.CPI.TOTL.ZG;2009;1,962
1051;Reino Unido;GBR;FP.CPI.TOTL.ZG;2010;2,493
1052;Reino Unido;GBR;FP.CPI.TOTL.ZG;2011;3,856
1053;Reino Unido;GBR;FP.CPI.TOTL.ZG;2012;2,573
1054;Reino Unido;GBR;FP.CPI.TOTL.ZG;2013;2,292
1055;Reino Unido;GBR;FP.CPI.TOTL.ZG;2014;1,451
1056;Reino Unido;GBR;FP.CPI.TOTL.ZG;2015;0,368
1057;Reino Unido;GBR;FP.CPI.TOTL.ZG;2016;1,008
1058;Reino Unido;GBR;FP.CPI.TOTL.ZG;2017;2,558
1059;Reino Unido;GBR;FP.CPI.TOTL.ZG;2018;2,293
1060;Reino Unido;GBR;FP.CPI.TOTL.ZG;2019;1,738
1061;Reino Unido;GBR;FP.CPI.TOTL.ZG;2020;0,989
1062;Reino Unido;GBR;FP.CPI.TOTL.ZG;2021;2,518
1063;Reino Unido;GBR;FP.CPI.TOTL.ZG;2022;7,922
1064;República Checa;CZE;FP.CPI.TOTL.ZG;1995;8,991
1065;República Checa;CZE;FP.CPI.TOTL.ZG;1996;8,759
1066;República Checa;CZE;FP.CPI.TOTL.ZG;1997;8,596
1067;República Checa;CZE;FP.CPI.TOTL.ZG;1998;10,698
1068;República Checa;CZE;FP.CPI.TOTL.ZG;1999;2,135
1069;República Checa;CZE;FP.CPI.TOTL.ZG;2000;3,775
1070;República Checa;CZE;FP.CPI.TOTL.ZG;2001;4,663
1071;República Checa;CZE;FP.CPI.TOTL.ZG;2002;1,903
1072;República Checa;CZE;FP.CPI.TOTL.ZG;2003;0,119
1073;República Checa;CZE;FP.CPI.TOTL.ZG;2004;2,76
1074;República Checa;CZE;FP.CPI.TOTL.ZG;2005;1,857
1075;República Checa;CZE;FP.CPI.TOTL.ZG;2006;2,534
1076;República Checa;CZE;FP.CPI.TOTL.ZG;2007;2,853
1077;República Checa;CZE;FP.CPI.TOTL.ZG;2008;6,359
1078;República Checa;CZE;FP.CPI.TOTL.ZG;2009;1,019
1079;República Checa;CZE;FP.CPI.TOTL.ZG;2010;1,473
1080;República Checa;CZE;FP.CPI.TOTL.ZG;2011;1,917
1081;República Checa;CZE;FP.CPI.TOTL.ZG;2012;3,288
1082;República Checa;CZE;FP.CPI.TOTL.ZG;2013;1,438
1083;República Checa;CZE;FP.CPI.TOTL.ZG;2014;0,344
1084;República Checa;CZE;FP.CPI.TOTL.ZG;2015;0,309
1085;República Checa;CZE;FP.CPI.TOTL.ZG;2016;0,684
1086;República Checa;CZE;FP.CPI.TOTL.ZG;2017;2,451
1087;República Checa;CZE;FP.CPI.TOTL.ZG;2018;2,149
1088;República Checa;CZE;FP.CPI.TOTL.ZG;2019;2,848
1089;República Checa;CZE;FP.CPI.TOTL.ZG;2020;3,161
1090;República Checa;CZE;FP.CPI.TOTL.ZG;2021;3,84
1091;República Checa;CZE;FP.CPI.TOTL.ZG;2022;15,1
1092;Rumania;ROU;FP.CPI.TOTL.ZG;1995;32,242
1093;Rumania;ROU;FP.CPI.TOTL.ZG;1996;38,829
1094;Rumania;ROU;FP.CPI.TOTL.ZG;1997;154,763
1095;Rumania;ROU;FP.CPI.TOTL.ZG;1998;59,097
1096;Rumania;ROU;FP.CPI.TOTL.ZG;1999;45,804
1097;Rumania;ROU;FP.CPI.TOTL.ZG;2000;45,667
1098;Rumania;ROU;FP.CPI.TOTL.ZG;2001;34,477
1099;Rumania;ROU;FP.CPI.TOTL.ZG;2002;22,54
1100;Rumania;ROU;FP.CPI.TOTL.ZG;2003;15,273
1101;Rumania;ROU;FP.CPI.TOTL.ZG;2004;11,874
1102;Rumania;ROU;FP.CPI.TOTL.ZG;2005;9,015
1103;Rumania;ROU;FP.CPI.TOTL.ZG;2006;6,559
1104;Rumania;ROU;FP.CPI.TOTL.ZG;2007;4,837
1105;Rumania;ROU;FP.CPI.TOTL.ZG;2008;7,851
1106;Rumania;ROU;FP.CPI.TOTL.ZG;2009;5,587
1107;Rumania;ROU;FP.CPI.TOTL.ZG;2010;6,091
1108;Rumania;ROU;FP.CPI.TOTL.ZG;2011;5,789
1109;Rumania;ROU;FP.CPI.TOTL.ZG;2012;3,335
1110;Rumania;ROU;FP.CPI.TOTL.ZG;2013;3,985
1111;Rumania;ROU;FP.CPI.TOTL.ZG;2014;1,068
1112;Rumania;ROU;FP.CPI.TOTL.ZG;2015;-0,594
1113;Rumania;ROU;FP.CPI.TOTL.ZG;2016;-1,545
1114;Rumania;ROU;FP.CPI.TOTL.ZG;2017;1,339
1115;Rumania;ROU;FP.CPI.TOTL.ZG;2018;4,625
1116;Rumania;ROU;FP.CPI.TOTL.ZG;2019;3,828
1117;Rumania;ROU;FP.CPI.TOTL.ZG;2020;2,631
1118;Rumania;ROU;FP.CPI.TOTL.ZG;2021;5,052
1119;Rumania;ROU;FP.CPI.TOTL.ZG;2022;13,795
1120;Suecia;SWE;FP.CPI.TOTL.ZG;1995;2,455
1121;Suecia;SWE;FP.CPI.TOTL.ZG;1996;0,533
1122;Suecia;SWE;FP.CPI.TOTL.ZG;1997;0,658
1123;Suecia;SWE;FP.CPI.TOTL.ZG;1998;-0,267
1124;Suecia;SWE;FP.CPI.TOTL.ZG;1999;0,462
1125;Suecia;SWE;FP.CPI.TOTL.ZG;2000;0,899
1126;Suecia;SWE;FP.CPI.TOTL.ZG;2001;2,406
1127;Suecia;SWE;FP.CPI.TOTL.ZG;2002;2,158
1128;Suecia;SWE;FP.CPI.TOTL.ZG;2003;1,926
1129;Suecia;SWE;FP.CPI.TOTL.ZG;2004;0,374
1130;Suecia;SWE;FP.CPI.TOTL.ZG;2005;0,453
1131;Suecia;SWE;FP.CPI.TOTL.ZG;2006;1,36
1132;Suecia;SWE;FP.CPI.TOTL.ZG;2007;2,212
1133;Suecia;SWE;FP.CPI.TOTL.ZG;2008;3,437
1134;Suecia;SWE;FP.CPI.TOTL.ZG;2009;-0,494
1135;Suecia;SWE;FP.CPI.TOTL.ZG;2010;1,158
1136;Suecia;SWE;FP.CPI.TOTL.ZG;2011;2,961
1137;Suecia;SWE;FP.CPI.TOTL.ZG;2012;0,888
1138;Suecia;SWE;FP.CPI.TOTL.ZG;2013;-0,044
1139;Suecia;SWE;FP.CPI.TOTL.ZG;2014;-0,18
1140;Suecia;SWE;FP.CPI.TOTL.ZG;2015;-0,047
1141;Suecia;SWE;FP.CPI.TOTL.ZG;2016;0,984
1142;Suecia;SWE;FP.CPI.TOTL.ZG;2017;1,794
1143;Suecia;SWE;FP.CPI.TOTL.ZG;2018;1,954
1144;Suecia;SWE;FP.CPI.TOTL.ZG;2019;1,784
1145;Suecia;SWE;FP.CPI.TOTL.ZG;2020;0,497
1146;Suecia;SWE;FP.CPI.TOTL.ZG;2021;2,163
1147;Suecia;SWE;FP.CPI.TOTL.ZG;2022;8,369
1148;Suiza;CHE;FP.CPI.TOTL.ZG;1995;1,8
1149;Suiza;CHE;FP.CPI.TOTL.ZG;1996;0,812
1150;Suiza;CHE;FP.CPI.TOTL.ZG;1997;0,52
1151;Suiza;CHE;FP.CPI.TOTL.ZG;1998;0,018
1152;Suiza;CHE;FP.CPI.TOTL.ZG;1999;0,806
1153;Suiza;CHE;FP.CPI.TOTL.ZG;2000;1,559
1154;Suiza;CHE;FP.CPI.TOTL.ZG;2001;0,989
1155;Suiza;CHE;FP.CPI.TOTL.ZG;2002;0,643
1156;Suiza;CHE;FP.CPI.TOTL.ZG;2003;0,638
1157;Suiza;CHE;FP.CPI.TOTL.ZG;2004;0,803
1158;Suiza;CHE;FP.CPI.TOTL.ZG;2005;1,172
1159;Suiza;CHE;FP.CPI.TOTL.ZG;2006;1,06
1160;Suiza;CHE;FP.CPI.TOTL.ZG;2007;0,732
1161;Suiza;CHE;FP.CPI.TOTL.ZG;2008;2,426
1162;Suiza;CHE;FP.CPI.TOTL.ZG;2009;-0,48
1163;Suiza;CHE;FP.CPI.TOTL.ZG;2010;0,688
1164;Suiza;CHE;FP.CPI.TOTL.ZG;2011;0,231
1165;Suiza;CHE;FP.CPI.TOTL.ZG;2012;-0,693
1166;Suiza;CHE;FP.CPI.TOTL.ZG;2013;-0,217
1167;Suiza;CHE;FP.CPI.TOTL.ZG;2014;-0,013
1168;Suiza;CHE;FP.CPI.TOTL.ZG;2015;-1,144
1169;Suiza;CHE;FP.CPI.TOTL.ZG;2016;-0,435
1170;Suiza;CHE;FP.CPI.TOTL.ZG;2017;0,534
1171;Suiza;CHE;FP.CPI.TOTL.ZG;2018;0,936
1172;Suiza;CHE;FP.CPI.TOTL.ZG;2019;0,363
1173;Suiza;CHE;FP.CPI.TOTL.ZG;2020;-0,726
1174;Suiza;CHE;FP.CPI.TOTL.ZG;2021;0,582
1175;Suiza;CHE;FP.CPI.TOTL.ZG;2022;2,835
1176;Turquía;TUR;FP.CPI.TOTL.ZG;1995;89,113
1177;Turquía;TUR;FP.CPI.TOTL.ZG;1996;80,412
1178;Turquía;TUR;FP.CPI.TOTL.ZG;1997;85,669
1179;Turquía;TUR;FP.CPI.TOTL.ZG;1998;84,641
1180;Turquía;TUR;FP.CPI.TOTL.ZG;1999;64,867
1181;Turquía;TUR;FP.CPI.TOTL.ZG;2000;54,915
1182;Turquía;TUR;FP.CPI.TOTL.ZG;2001;54,4
1183;Turquía;TUR;FP.CPI.TOTL.ZG;2002;44,964
1184;Turquía;TUR;FP.CPI.TOTL.ZG;2003;21,602
1185;Turquía;TUR;FP.CPI.TOTL.ZG;2004;8,598
1186;Turquía;TUR;FP.CPI.TOTL.ZG;2005;8,179
1187;Turquía;TUR;FP.CPI.TOTL.ZG;2006;9,597
1188;Turquía;TUR;FP.CPI.TOTL.ZG;2007;8,756
1189;Turquía;TUR;FP.CPI.TOTL.ZG;2008;10,444
1190;Turquía;TUR;FP.CPI.TOTL.ZG;2009;6,251
1191;Turquía;TUR;FP.CPI.TOTL.ZG;2010;8,566
1192;Turquía;TUR;FP.CPI.TOTL.ZG;2011;6,472
1193;Turquía;TUR;FP.CPI.TOTL.ZG;2012;8,892
1194;Turquía;TUR;FP.CPI.TOTL.ZG;2013;7,493
1195;Turquía;TUR;FP.CPI.TOTL.ZG;2014;8,855
1196;Turquía;TUR;FP.CPI.TOTL.ZG;2015;7,671
1197;Turquía;TUR;FP.CPI.TOTL.ZG;2016;7,775
1198;Turquía;TUR;FP.CPI.TOTL.ZG;2017;11,144
1199;Turquía;TUR;FP.CPI.TOTL.ZG;2018;16,332
1200;Turquía;TUR;FP.CPI.TOTL.ZG;2019;15,177
1201;Turquía;TUR;FP.CPI.TOTL.ZG;2020;12,279
1202;Turquía;TUR;FP.CPI.TOTL.ZG;2021;19,596
1203;Turquía;TUR;FP.CPI.TOTL.ZG;2022;72,309
