,pais
0,Alemania
1,Australia
2,Austria
3,Bulgaria
4,Bélgica
5,Canadá
6,Chile
7,Colombia
8,Corea del Sur
9,Costa Rica
10,Dinamarca
11,Eslovaquia
12,Eslovenia
13,España
14,Estados Unidos
15,Estonia
16,Finlandia
17,Francia
18,Grecia
19,Hungría
20,Irlanda
21,Islandia
22,Israel
23,Italia
24,Japón
25,Letonia
26,Lituania
27,Luxemburgo
28,México
29,Noruega
30,Nueva Zelanda
31,Países Bajos
32,Polonia
33,Portugal
34,Reino Unido
35,República Checa
36,Rumania
37,Suecia
38,Suiza
